150,Dennis,619821225,thomasashley@walters.com,9478 Anthony Extensions
149,Joshua,259636168,garybutler@gmail.com,70448 Scott Ranch Suite 312
148,Grant,326516850,upearson@gmail.com,5686 Susan Forge
147,Anthony,861749108,toddsmith@yahoo.com,9562 Murray Haven
146,Vanessa,543224489,hrose@williams-lutz.info,286 Patricia Tunnel
145,Gina,652805146,jasonesparza@martin-white.net,87253 Joe Keys Apt. 648
144,Gabriel,001385371,grantmelanie@johnson.com,1413 Lamb River Suite 818
143,Kelly,783209210,heatherwatts@hotmail.com,76060 Browning Route Suite 385
142,David,298643433,dnichols@yahoo.com,288 Aguilar Squares Apt. 327
141,William,720712675,michelle68@gmail.com,407 Eric Common
140,Carolyn,128340486,hgoodman@ramos.com,623 Hicks Heights Apt. 960
139,Lisa,594527471,chapmanfrederick@yahoo.com,211 Christian Summit Suite 746
138,Derek,402887676,burnsmarc@hurst.com,853 James Ferry Suite 196
137,Emily,160035995,theath@hotmail.com,201 Davis Manors Apt. 695
136,Ashley,400149428,jessica51@hotmail.com,53748 Craig Landing Apt. 478
135,Andrea,780933528,craig73@gmail.com,36305 Stafford Ridge Suite 332
134,Thomas,074738015,tburton@gmail.com,4062 Gonzales Villages Suite 700
133,Zachary,201328061,howardsilva@porter.com,6756 Lynch Plaza Apt. 616
132,Andrea,524714520,morrisjohn@sheppard.biz,62652 Freeman Ranch Apt. 418
131,Jose,719178617,william56@church.com,8582 Hughes Track Suite 340
130,Colleen,877593496,campbelljessica@thomas.com,84381 Rodriguez Centers
129,Jo,153229623,newmanbarbara@yahoo.com,414 Mary Roads
128,Lauren,614751290,blackburnanthony@estrada.org,5092 Gilbert Shores
127,Steven,385769525,dustinbennett@gallegos.com,172 Ramsey Coves
126,Elizabeth,182604452,rmorrow@holden-johnston.com,94744 Johnson Light Suite 739
125,Gary,178129289,weisscraig@nelson.com,61952 Lewis Course
124,Elizabeth,065864508,saunderssamantha@yahoo.com,268 Amy Spurs
123,Dale,558771467,annettecherry@brown-nguyen.org,59390 Lynn Glens Apt. 029
122,Richard,279882362,annette21@gmail.com,088 Denise Passage Apt. 723
121,David,788844996,udiaz@schroeder.com,651 Aguilar Parks
120,Paige,450293832,raymondmalone@gmail.com,5195 Jorge Haven Suite 326
119,Heather,877737363,lmartinez@gmail.com,416 Dorsey Highway Apt. 623
118,Alexandra,751119647,pacecharles@yahoo.com,37155 Ronald Fords Suite 162
117,Ronald,469687299,ggreen@fisher.com,43947 Manuel Ford
116,Robert,867820037,marywashington@yahoo.com,4921 Vincent Trail
115,Amanda,759118748,justincompton@martin-adams.org,49960 Rose Manor
114,Karen,473878809,martin60@klein-pierce.com,147 Kimberly Groves Apt. 814
113,Bailey,875487534,christina73@maxwell.com,3391 Megan Knoll Suite 507
112,Dakota,093422750,johnsmith@yahoo.com,8079 Stacy Land Suite 482
111,Aaron,360910870,catherine65@garcia.biz,53996 Smith Turnpike Apt. 936
110,Danny,851183169,coreyjackson@gmail.com,392 Francis Circles Suite 269
109,Stephen,128040358,tjackson@keith-campbell.net,428 Lynn Oval
108,Erin,313281912,jonesmichele@gmail.com,156 Ian Club Suite 899
107,Lauren,369707455,rebecca87@brown.org,072 Berger Field
106,Claudia,429591890,henry05@hill-myers.com,1442 Judy Mission
105,Keith,216280745,charlene87@hotmail.com,684 Clark Ways Apt. 285
104,Kevin,313713943,edwardclark@williamson.info,332 Young Courts
103,Brittney,225569750,christopher20@hotmail.com,77368 Chapman Burgs Apt. 232
102,John,734664014,kellyfowler@robinson-johns.com,279 Timothy Bypass
101,Virginia,027204241,carloslopez@allen-clark.com,98108 Bartlett Fords
100,Erin,814587607,bradleyedwards@thornton.com,145 Welch Ramp Suite 773
99,Lindsey,137250911,stewartscott@elliott.org,817 Heather Streets
98,Robert,233961208,wchristensen@bishop.com,5913 Samuel Circle Suite 890
97,Jason,808743232,twilliamson@smith-logan.biz,77956 Stanley Glen
96,Raymond,467216627,crawfordteresa@chandler.org,8880 Sherman Ports
95,Christopher,170069110,autumn05@gmail.com,11364 Hodges Well Apt. 598
94,Stephen,892890146,romerorobert@yahoo.com,05945 Jones River Suite 990
93,Bruce,285640404,abaker@yahoo.com,3749 Nguyen Knolls Suite 234
92,Sandra,523596016,bflynn@gmail.com,19585 Christine Island Apt. 610
91,Emily,661488320,jordanmelissa@yahoo.com,3410 Hardy Land Suite 787
90,John,485387899,matthewgutierrez@lambert.com,663 Murray Turnpike Suite 929
89,Monica,099184559,krystalroberts@navarro.com,5232 Sarah Hill
88,Paul,667260987,aimeeedwards@peterson-patterson.com,62996 Casey Heights
87,Nancy,376031678,vmoore@chambers.org,882 Alexander Forges
86,Jeremy,457686568,stevensondawn@ross.com,56516 Melissa Haven Apt. 001
85,Elizabeth,480711081,parkjoyce@thomas.net,145 Hart Turnpike
84,Christina,850137617,leemichelle@lambert.com,619 Thomas Springs
83,Angelica,751643767,kimberlywells@yahoo.com,96899 Allen Point
82,Joshua,664479335,dthompson@gmail.com,23098 Martin Extensions
81,Geoffrey,610468540,justin39@hotmail.com,2770 Gary Courts
80,Jamie,317377933,zhunt@morrison-love.com,850 Jones Mountains
79,John,301760096,leslie95@ball.biz,7328 Ernest Trace Suite 902
78,Brittany,392476551,zperez@gmail.com,84212 Peters Mission Suite 676
77,Andrew,170086251,jessemorgan@yahoo.com,3549 Taylor Plains
76,Daniel,601573877,bethanyphillips@gmail.com,149 Dominguez Gardens Suite 241
75,Stacey,584334773,christianlee@yahoo.com,395 Brown Run
74,Walter,380390824,davislaurie@mitchell-stewart.com,606 Megan Lakes Apt. 814
73,Jamie,431836418,sydneymiller@gmail.com,48681 Clark Port
72,Richard,356539417,maxwell44@valencia-spencer.org,13428 Johnson Underpass Suite 896
71,Christopher,681713121,kathleenconrad@garcia.com,62157 Sullivan Overpass Apt. 126
70,Mark,300680396,arthurscott@hotmail.com,11933 Jerry Centers Suite 740
69,Matthew,290930187,elizabethgraham@gmail.com,39193 Brittany Rapids Suite 862
68,Mary,132779838,turnercharles@gmail.com,991 Reyes Forest
67,Sara,447437373,melissa53@diaz.biz,75254 Aaron Underpass
66,Brandon,707510050,williamssean@gmail.com,381 Pearson Harbors
65,Heidi,746715505,andrew96@gmail.com,0316 Brenda Tunnel Apt. 244
64,Dennis,361197217,oalvarado@yahoo.com,22608 Bush Forest Suite 501
63,Kristin,416641277,kramerjames@hotmail.com,6727 Richard Meadow Suite 591
62,Jessica,600185359,dylanmccoy@yahoo.com,83572 Hodges Spurs
61,Margaret,056545526,wendywest@shepherd.biz,2215 Austin Crest Suite 046
60,Lisa,132582112,michael32@yahoo.com,39560 Elizabeth Village
59,Margaret,181373390,williamssherri@hotmail.com,7527 Natalie Streets
58,Jennifer,263324590,griffithrichard@gmail.com,855 Matthew Drive Apt. 659
57,Michael,245781759,cathy93@elliott.com,340 Stephanie Spring
56,Jeremy,078592923,martha67@hotmail.com,721 Kelly Ports Suite 032
55,Jeffery,480849764,michaelgaines@gmail.com,21309 Ashley Meadows Suite 865
54,Michael,021087136,allison87@jacobson-osborne.com,9808 Elizabeth River
53,Robin,596126056,anthony72@yahoo.com,709 Jeremiah Dam
52,Elizabeth,250525885,michelle17@haynes-perkins.biz,8472 Richardson Ports
51,Christine,658456393,dennis07@gmail.com,52101 Heather Neck
50,John,613533490,williamtanner@campbell-chapman.com,8803 Bruce Vista
49,Diana,762472776,gregoryolsen@roman.info,897 Heidi Viaduct
48,Dennis,093657614,kirbysandra@camacho.com,19811 Freeman Dam Suite 080
47,Peter,230371898,yyoung@hansen.com,433 Salazar Club Apt. 952
46,Alan,175244515,emma97@banks.org,6692 George Square Apt. 925
45,Allison,365736951,william92@campbell.com,50632 Dean Springs Suite 879
44,Wendy,389788654,ojones@anderson-costa.com,857 Patricia Road Apt. 283
43,Heather,576630229,dominic18@pennington.com,703 Christensen Green
42,Christine,087535573,clinton86@hotmail.com,29856 Salinas Glen
41,Angelica,197522798,monica71@yahoo.com,48492 Jonathon Course Apt. 466
40,Elizabeth,089769287,thomaskrista@thompson.com,4370 Roberts Wells Suite 725
39,Connor,072734902,krausebrandon@ramos-mendoza.org,01778 Frederick Run Suite 760
38,Olivia,362577425,williamsonrandy@gmail.com,36986 Pamela Parkway Suite 720
37,William,671806387,francisdavid@gmail.com,94628 Blake Rue Apt. 622
36,Nicole,395620217,iwright@yahoo.com,859 Smith Vista
35,Carrie,761075311,rhonda73@martin.com,3071 Reynolds Way Apt. 481
34,Mary,874076926,jameswatson@hotmail.com,96165 Sanders Haven Apt. 208
33,Jerry,059834684,nfletcher@hotmail.com,051 Salazar Extension
32,Cynthia,366900010,rpierce@yahoo.com,90746 Frank Springs Apt. 906
31,Ronald,789332386,susan23@hotmail.com,7753 Daniel Burgs
30,Christopher,082784871,ashley49@hotmail.com,21500 Perkins Fields Suite 911
29,Vanessa,603412625,chanandrew@wheeler.com,791 Tiffany Squares
28,Charles,783127079,umerritt@davis-harris.com,374 Luke Curve
27,Robert,817383397,sean82@hotmail.com,447 Melissa Spring Apt. 348
26,Nancy,558410411,brettthomas@adams.com,580 Brian Causeway Apt. 469
25,John,174339159,nsilva@contreras.com,048 Miles Village
24,Charles,155538632,suarezharold@rocha.info,6036 Lee Knolls Apt. 093
23,Natalie,244502868,mitchellaaron@yahoo.com,77547 Maria Springs Suite 970
22,Jennifer,573263022,susansmith@kennedy.com,23389 Atkins Isle Suite 602
21,Daniel,584629448,adrian91@hotmail.com,498 Deborah Keys
20,Katherine,816643380,chelsea38@kennedy.com,10587 Roberts Lane Apt. 207
19,Tina,259977164,aparks@gmail.com,59092 Robles Camp Apt. 573
18,Nicholas,536554960,arobles@russell.com,4802 Robin Inlet
17,Cheryl,090449548,domingueztracy@hotmail.com,7520 Michael Garden
16,Michele,820733453,melissa22@melendez.biz,742 Hunt Mill
15,Kevin,202146696,sruiz@yahoo.com,77743 Baker Circle Apt. 523
14,Zachary,498128789,sheltonrobert@davidson-gray.com,35210 Rebecca Cliffs
13,Mark,716038074,warrenlynn@yahoo.com,306 Johnson Ridges
12,Edward,647791349,darlenecross@robinson.com,4265 Charles Drive Apt. 359
11,Joshua,321606633,woodcrystal@parker.org,25035 Alexander Rapids Apt. 706
10,David,432941241,wmccann@hotmail.com,406 Jerome Track Apt. 934
9,Katherine,137057143,jperkins@gmail.com,4822 Brittany Ferry Apt. 343
8,Rodney,515337130,jenniferkelly@davis-bond.biz,65083 Joseph Spring Suite 651
7,Deborah,782539839,brittney24@yahoo.com,019 Castro Drive Suite 231
6,Melissa,553465892,kevinwillis@gmail.com,36654 Rogers Street Apt. 806
5,Raymond,227804351,sarachavez@yahoo.com,97963 Mendez Circle Apt. 857
4,Richard,829439881,martinvalerie@yahoo.com,512 Gregory Crossroad Apt. 202
3,Tanya,634090950,harringtonwilliam@diaz-king.com,4871 Robin Light
2,Richard,065511350,vreynolds@gmail.com,0602 Roberts Drives
1,Tamara,898453744,aphillips@vang.info,16245 Kelly Roads